open_covid_region_code,region_name,date,hospitalized_new,hospitalized_cumulative,country_region_code,country_region,sub_region_1,sub_region_1_code,symptom:Angular cheilitis,symptom:Aphonia,symptom:Burning Chest Pain,symptom:Crackles,symptom:Dysautonomia,symptom:Hemolysis,symptom:Laryngitis,symptom:Myoclonus,symptom:Rectal pain,symptom:Rumination,symptom:Shallow breathing,symptom:Stridor,symptom:Urinary urgency,symptom:Ventricular fibrillation,symptom:Viral pneumonia
US-AK,Alaska,2020-03-16,0.0,0.0,US,United States,Alaska,US-AK,,7.95,9.51,8.57,8.73,8.1,15.9,,7.33,11.85,10.91,12.94,,,24.94
US-AK,Alaska,2020-03-23,0.0,0.0,US,United States,Alaska,US-AK,,,14.08,8.36,7.19,15.55,7.04,,6.31,11.44,9.24,10.85,,7.04,13.79
US-AK,Alaska,2020-03-30,7.0,7.0,US,United States,Alaska,US-AK,,,8.53,,,7.82,,5.69,,9.1,10.81,12.51,7.96,7.11,8.82
US-AK,Alaska,2020-04-06,16.0,23.0,US,United States,Alaska,US-AK,7.06,,7.2,7.2,,8.79,5.76,,10.37,9.07,7.06,,,,9.07
US-AK,Alaska,2020-04-13,9.0,32.0,US,United States,Alaska,US-AK,6.52,,7.8,7.23,,8.94,,7.8,,7.38,6.81,,,,
US-AK,Alaska,2020-04-20,4.0,36.0,US,United States,Alaska,US-AK,,,7.69,6.39,,8.42,,,,9.0,,10.6,,9.0,
US-AK,Alaska,2020-04-27,-36.0,0.0,US,United States,Alaska,US-AK,,,,6.26,6.41,7.9,,12.96,6.11,8.94,,7.3,7.0,9.83,
US-AK,Alaska,2020-05-04,0.0,0.0,US,United States,Alaska,US-AK,,,10.68,,8.57,,,8.27,10.83,7.97,,8.57,,10.53,
US-AK,Alaska,2020-05-11,0.0,0.0,US,United States,Alaska,US-AK,,,,7.31,,,,,,7.77,6.09,,,7.92,
US-AK,Alaska,2020-05-18,0.0,0.0,US,United States,Alaska,US-AK,9.08,,6.93,,,,,7.08,6.31,,,6.77,,8.62,
US-AK,Alaska,2020-05-25,0.0,0.0,US,United States,Alaska,US-AK,,,,,,6.99,,,6.36,9.93,,6.52,6.67,6.36,
US-AK,Alaska,2020-06-01,0.0,0.0,US,United States,Alaska,US-AK,11.05,,,,,7.0,,6.85,,6.54,6.38,,,,
US-AK,Alaska,2020-06-08,0.0,0.0,US,United States,Alaska,US-AK,9.8,,,,10.73,6.53,,9.02,8.24,8.87,,,6.69,9.18,
US-AK,Alaska,2020-06-15,0.0,0.0,US,United States,Alaska,US-AK,6.8,,,,,,,6.18,,9.11,,,6.49,6.95,
US-AK,Alaska,2020-06-22,0.0,0.0,US,United States,Alaska,US-AK,7.11,7.41,,6.64,,9.42,,,,10.5,,,,6.49,
US-AK,Alaska,2020-06-29,0.0,0.0,US,United States,Alaska,US-AK,,,,,6.44,,,7.08,,6.92,,6.44,,11.91,
US-AK,Alaska,2020-07-06,0.0,0.0,US,United States,Alaska,US-AK,,,,,,6.18,,6.78,8.89,6.93,6.33,,8.74,7.68,6.48
US-AK,Alaska,2020-07-13,0.0,0.0,US,United States,Alaska,US-AK,6.52,7.43,,,7.73,,,6.97,8.03,6.52,,7.58,6.97,7.28,
US-AK,Alaska,2020-07-20,0.0,0.0,US,United States,Alaska,US-AK,,,6.93,,6.78,,,,6.78,7.53,,,,7.08,
US-AK,Alaska,2020-07-27,0.0,0.0,US,United States,Alaska,US-AK,,,8.42,7.52,7.07,7.97,,9.32,7.22,7.37,,,,,
US-AK,Alaska,2020-08-03,0.0,0.0,US,United States,Alaska,US-AK,,,,6.76,7.81,,,8.71,6.01,11.11,,,7.81,8.86,
US-AK,Alaska,2020-08-10,0.0,0.0,US,United States,Alaska,US-AK,8.75,,,,11.37,6.45,,,,11.37,,,,7.22,
US-AK,Alaska,2020-08-17,0.0,0.0,US,United States,Alaska,US-AK,,,,10.12,7.59,6.55,,,,9.38,,5.96,,6.55,
US-AK,Alaska,2020-08-24,0.0,0.0,US,United States,Alaska,US-AK,,,7.65,,6.93,,,8.37,,10.54,9.24,7.36,,8.37,
US-AK,Alaska,2020-08-31,0.0,0.0,US,United States,Alaska,US-AK,,6.82,6.23,,8.45,,,6.82,6.08,11.86,8.01,,6.67,,6.97
US-AK,Alaska,2020-09-07,0.0,0.0,US,United States,Alaska,US-AK,,,,7.49,7.94,7.34,,,8.39,,,6.89,8.84,10.64,
US-AK,Alaska,2020-09-14,0.0,0.0,US,United States,Alaska,US-AK,6.32,,,6.17,9.11,9.99,6.76,7.49,8.08,10.28,,11.02,6.32,8.67,
US-AK,Alaska,2020-09-21,0.0,0.0,US,United States,Alaska,US-AK,,,11.52,,9.48,7.73,6.71,,,11.38,,9.04,6.71,7.73,
US-DC,District of Columbia,2020-03-16,0.0,0.0,US,United States,District of Columbia,US-DC,4.3,4.68,4.93,3.79,3.2,4.85,6.53,2.95,3.58,6.41,15.0,6.7,2.95,3.71,12.9
US-DC,District of Columbia,2020-03-23,0.0,0.0,US,United States,District of Columbia,US-DC,3.82,3.6,5.94,4.34,3.73,6.94,4.95,4.6,3.47,6.9,10.8,6.03,2.73,4.12,9.98
US-DC,District of Columbia,2020-03-30,0.0,0.0,US,United States,District of Columbia,US-DC,5.62,2.53,4.75,6.23,2.53,5.62,4.4,4.4,3.36,7.19,9.29,3.97,4.01,4.18,7.32
US-DC,District of Columbia,2020-04-06,0.0,0.0,US,United States,District of Columbia,US-DC,4.9,,5.53,2.9,3.3,3.07,2.23,2.72,4.14,8.06,7.49,4.5,2.41,4.95,4.01
US-DC,District of Columbia,2020-04-13,0.0,0.0,US,United States,District of Columbia,US-DC,4.81,2.38,4.11,2.74,2.43,4.37,3.09,3.88,4.99,8.65,5.17,2.47,2.52,3.71,4.46
US-DC,District of Columbia,2020-04-20,0.0,0.0,US,United States,District of Columbia,US-DC,4.82,2.1,3.24,2.94,3.07,4.99,3.07,2.94,3.5,7.18,4.34,3.9,3.07,4.07,3.33
US-DC,District of Columbia,2020-04-27,0.0,0.0,US,United States,District of Columbia,US-DC,5.09,,3.94,2.44,3.5,4.34,2.79,4.12,3.72,8.15,5.58,2.88,2.75,3.45,3.28
US-DC,District of Columbia,2020-05-04,0.0,0.0,US,United States,District of Columbia,US-DC,6.03,2.03,3.24,,2.52,4.41,2.57,4.37,4.91,7.34,5.09,3.78,3.96,3.96,1.94
US-DC,District of Columbia,2020-05-11,0.0,0.0,US,United States,District of Columbia,US-DC,6.74,,3.78,2.91,2.64,4.28,2.73,3.64,4.74,6.83,4.83,3.37,3.42,2.64,2.19
US-DC,District of Columbia,2020-05-18,0.0,0.0,US,United States,District of Columbia,US-DC,3.71,2.83,2.46,2.69,3.53,2.97,3.39,4.59,3.02,8.72,4.04,4.22,2.6,4.96,2.97
US-DC,District of Columbia,2020-05-25,0.0,0.0,US,United States,District of Columbia,US-DC,3.55,,3.88,,2.18,3.5,3.41,4.21,4.45,7.48,6.01,,3.22,4.02,
US-DC,District of Columbia,2020-06-01,0.0,0.0,US,United States,District of Columbia,US-DC,6.32,2.48,3.23,2.01,3.13,5.33,2.81,4.49,4.4,7.11,2.25,2.39,2.62,4.02,
US-DC,District of Columbia,2020-06-08,0.0,0.0,US,United States,District of Columbia,US-DC,5.03,,2.58,2.16,3.62,5.45,2.07,4.32,3.95,7.71,3.62,,3.48,4.7,
US-DC,District of Columbia,2020-06-15,0.0,0.0,US,United States,District of Columbia,US-DC,5.25,2.27,2.41,2.08,4.96,5.25,2.55,5.44,4.07,8.09,3.73,3.5,2.6,6.34,
US-DC,District of Columbia,2020-06-22,0.0,0.0,US,United States,District of Columbia,US-DC,5.24,2.33,2.19,2.95,4.67,6.43,3.1,5.0,3.81,7.57,4.48,3.29,3.57,4.14,
US-DC,District of Columbia,2020-06-29,0.0,0.0,US,United States,District of Columbia,US-DC,7.01,3.25,3.4,2.49,4.83,5.03,3.66,4.01,4.47,5.89,3.2,2.49,,3.61,
US-DC,District of Columbia,2020-07-06,0.0,0.0,US,United States,District of Columbia,US-DC,4.53,2.36,2.84,2.6,5.49,5.49,2.7,4.72,4.1,6.94,4.38,2.6,5.3,3.85,
US-DC,District of Columbia,2020-07-13,0.0,0.0,US,United States,District of Columbia,US-DC,3.94,3.23,3.56,2.57,5.27,5.99,3.18,2.76,3.71,7.22,5.46,2.95,3.09,4.04,2.09
US-DC,District of Columbia,2020-07-20,0.0,0.0,US,United States,District of Columbia,US-DC,5.67,2.19,2.81,,4.53,3.43,3.05,3.67,4.81,7.77,3.34,3.53,4.05,4.67,
US-DC,District of Columbia,2020-07-27,0.0,0.0,US,United States,District of Columbia,US-DC,4.63,2.48,3.35,,5.02,6.59,2.87,3.54,4.4,7.21,3.77,2.82,2.77,4.63,
US-DC,District of Columbia,2020-08-03,0.0,0.0,US,United States,District of Columbia,US-DC,5.22,,2.23,2.66,7.54,6.34,3.53,5.08,3.29,6.53,3.0,2.9,2.9,3.14,
US-DC,District of Columbia,2020-08-10,0.0,0.0,US,United States,District of Columbia,US-DC,4.9,2.28,3.44,,5.63,5.72,3.64,3.15,6.84,7.23,4.27,3.64,2.81,3.1,
US-DC,District of Columbia,2020-08-17,0.0,0.0,US,United States,District of Columbia,US-DC,5.8,,2.56,3.38,4.64,4.64,2.03,5.17,3.86,7.25,3.24,3.33,3.91,4.44,
US-DC,District of Columbia,2020-08-24,0.0,0.0,US,United States,District of Columbia,US-DC,3.87,,2.95,2.12,4.56,4.33,2.58,3.87,4.79,9.4,3.73,3.55,3.32,4.05,2.49
US-DC,District of Columbia,2020-08-31,0.0,0.0,US,United States,District of Columbia,US-DC,5.16,2.37,3.67,,5.2,6.78,2.93,4.55,5.06,6.83,2.97,2.74,3.53,3.95,
US-DC,District of Columbia,2020-09-07,0.0,0.0,US,United States,District of Columbia,US-DC,4.66,4.75,3.37,2.72,4.34,5.31,2.77,4.8,4.89,8.91,3.32,4.06,3.74,3.97,
US-DC,District of Columbia,2020-09-14,0.0,0.0,US,United States,District of Columbia,US-DC,6.22,2.87,3.85,,5.6,6.76,3.27,4.97,4.3,7.88,2.69,3.76,4.52,4.43,
US-DC,District of Columbia,2020-09-21,0.0,0.0,US,United States,District of Columbia,US-DC,5.28,2.33,3.34,2.95,4.75,7.35,2.64,4.8,4.18,9.33,3.52,3.39,4.09,3.61,
US-DE,Delaware,2020-03-16,0.0,0.0,US,United States,Delaware,US-DE,6.26,8.13,9.93,11.06,5.29,10.01,10.17,5.29,6.92,9.03,14.56,12.12,6.34,6.1,20.91
US-DE,Delaware,2020-03-23,0.0,0.0,US,United States,Delaware,US-DE,4.91,6.47,11.39,10.84,6.4,22.15,9.67,5.93,7.17,9.36,12.01,10.69,7.25,4.84,13.73
US-DE,Delaware,2020-03-30,0.0,0.0,US,United States,Delaware,US-DE,8.43,5.72,10.99,9.41,7.9,14.82,6.7,7.53,4.37,7.53,13.62,10.31,5.34,6.62,11.81
US-DE,Delaware,2020-04-06,0.0,0.0,US,United States,Delaware,US-DE,7.27,4.77,8.26,7.35,4.47,13.41,3.86,5.0,6.74,7.65,9.24,5.68,6.59,9.62,7.2
US-DE,Delaware,2020-04-13,0.0,0.0,US,United States,Delaware,US-DE,7.61,4.21,9.16,5.76,7.17,11.52,6.13,6.5,6.72,10.49,6.87,6.5,6.87,7.46,5.54
US-DE,Delaware,2020-04-20,0.0,0.0,US,United States,Delaware,US-DE,7.67,3.5,8.1,6.64,5.62,11.24,5.99,6.72,7.59,8.18,10.37,9.13,5.84,6.57,5.48
US-DE,Delaware,2020-04-27,0.0,0.0,US,United States,Delaware,US-DE,5.8,4.98,8.26,7.07,5.5,12.49,4.98,7.07,7.88,8.78,7.66,8.18,6.47,8.11,3.2
US-DE,Delaware,2020-05-04,0.0,0.0,US,United States,Delaware,US-DE,6.92,,7.67,5.73,4.09,10.79,4.02,6.62,7.96,9.08,5.73,5.88,5.21,7.29,4.84
US-DE,Delaware,2020-05-11,0.0,0.0,US,United States,Delaware,US-DE,6.74,3.94,8.18,6.43,5.98,6.36,4.09,8.03,7.27,8.93,6.13,6.96,6.13,5.75,4.69
US-DE,Delaware,2020-05-18,0.0,0.0,US,United States,Delaware,US-DE,6.25,4.51,6.85,5.64,7.15,6.92,3.84,6.32,8.58,9.48,6.25,6.85,6.47,5.49,3.39
US-DE,Delaware,2020-05-25,0.0,0.0,US,United States,Delaware,US-DE,4.77,,5.54,5.93,5.23,4.23,4.23,6.54,8.47,8.54,6.85,4.0,6.31,4.85,
US-DE,Delaware,2020-06-01,0.0,0.0,US,United States,Delaware,US-DE,7.15,6.69,5.54,4.69,7.15,5.84,5.0,5.46,7.69,7.76,4.84,6.0,4.54,7.3,3.15
US-DE,Delaware,2020-06-08,0.0,0.0,US,United States,Delaware,US-DE,6.01,3.47,5.7,5.08,5.55,8.4,4.47,7.09,7.63,8.63,4.93,5.08,4.39,7.86,
US-DE,Delaware,2020-06-15,0.0,0.0,US,United States,Delaware,US-DE,9.15,4.07,4.38,8.91,7.74,7.27,6.33,8.13,7.58,8.6,5.08,3.67,6.57,6.33,
US-DE,Delaware,2020-06-22,0.0,0.0,US,United States,Delaware,US-DE,5.95,6.1,6.88,5.63,4.69,6.81,3.68,6.34,9.62,7.59,6.65,4.54,6.81,7.59,
US-DE,Delaware,2020-06-29,0.0,0.0,US,United States,Delaware,US-DE,6.14,3.7,5.74,5.9,9.36,7.0,5.51,9.21,7.87,8.03,7.87,6.14,5.9,7.95,
US-DE,Delaware,2020-07-06,0.0,0.0,US,United States,Delaware,US-DE,7.45,4.99,6.06,5.99,7.45,8.06,5.6,8.98,5.45,6.91,5.99,5.76,9.06,7.06,3.15
US-DE,Delaware,2020-07-13,0.0,0.0,US,United States,Delaware,US-DE,7.39,4.59,6.61,6.14,8.55,5.68,5.68,6.22,8.4,9.48,6.22,5.91,6.14,7.85,4.35
US-DE,Delaware,2020-07-20,0.0,0.0,US,United States,Delaware,US-DE,6.38,4.12,5.13,5.37,6.92,5.37,4.82,9.88,9.8,8.87,6.22,5.13,6.53,7.31,3.42
US-DE,Delaware,2020-07-27,0.0,0.0,US,United States,Delaware,US-DE,7.0,4.74,6.06,3.96,6.61,8.16,5.99,8.94,6.38,12.36,6.53,6.45,7.23,6.22,
US-DE,Delaware,2020-08-03,0.0,0.0,US,United States,Delaware,US-DE,4.54,5.01,5.64,4.93,9.24,5.95,6.11,9.79,7.36,8.06,5.95,6.03,10.02,8.46,
US-DE,Delaware,2020-08-10,0.0,0.0,US,United States,Delaware,US-DE,6.9,4.5,6.9,4.58,8.84,5.82,8.3,8.3,6.75,7.99,5.51,3.33,7.6,5.89,
US-DE,Delaware,2020-08-17,0.0,0.0,US,United States,Delaware,US-DE,7.12,4.82,5.3,3.48,10.12,5.06,5.3,7.28,7.67,9.25,6.17,5.85,5.85,5.69,3.48
US-DE,Delaware,2020-08-24,0.0,0.0,US,United States,Delaware,US-DE,6.52,6.29,6.06,7.07,8.46,6.45,4.89,6.45,7.38,9.16,4.97,6.13,7.84,7.22,
US-DE,Delaware,2020-08-31,0.0,0.0,US,United States,Delaware,US-DE,6.24,4.0,6.86,5.55,8.7,5.55,3.39,8.63,8.63,9.17,5.85,6.16,7.16,8.09,5.08
US-DE,Delaware,2020-09-07,0.0,0.0,US,United States,Delaware,US-DE,7.8,4.9,5.57,6.24,8.77,10.62,7.21,5.87,11.37,10.25,5.64,7.21,7.28,8.47,3.86
US-DE,Delaware,2020-09-14,0.0,0.0,US,United States,Delaware,US-DE,6.29,4.59,5.84,7.99,7.47,12.05,5.92,7.25,8.58,8.88,7.25,6.95,6.36,7.99,3.18
US-DE,Delaware,2020-09-21,0.0,0.0,US,United States,Delaware,US-DE,7.74,3.98,5.16,10.39,9.8,14.15,5.46,7.67,8.48,11.35,5.53,8.99,8.33,7.52,4.13
US-HI,Hawaii,2020-03-16,0.0,0.0,US,United States,Hawaii,US-HI,28.68,50.26,,37.77,,,84.34,,,,83.77,,,,88.6
US-HI,Hawaii,2020-03-23,0.0,0.0,US,United States,Hawaii,US-HI,31.62,36.37,,42.81,,,57.92,,,,73.87,,,,70.51
US-HI,Hawaii,2020-03-30,12.0,12.0,US,United States,Hawaii,US-HI,39.39,28.45,,36.11,,,39.67,,,,60.19,,,,46.78
US-HI,Hawaii,2020-04-06,9.0,21.0,US,United States,Hawaii,US-HI,36.26,23.07,,26.64,,,26.92,,,,44.5,,,,28.57
US-HI,Hawaii,2020-04-13,23.0,44.0,US,United States,Hawaii,US-HI,47.51,23.21,,22.67,,,28.07,,,,42.11,,,,14.04
US-HI,Hawaii,2020-04-20,8.0,52.0,US,United States,Hawaii,US-HI,31.97,17.34,,19.78,,,16.25,,,,34.13,,,,24.92
US-HI,Hawaii,2020-04-27,16.0,68.0,US,United States,Hawaii,US-HI,37.96,22.0,,22.28,,,30.81,,,,30.53,,,,22.83
US-HI,Hawaii,2020-05-04,5.0,73.0,US,United States,Hawaii,US-HI,38.03,,,18.46,,,17.34,,,,28.25,,,,15.66
US-HI,Hawaii,2020-05-11,8.0,81.0,US,United States,Hawaii,US-HI,37.09,16.99,,24.35,,,24.07,,,,31.71,,,,
US-HI,Hawaii,2020-05-18,1.0,82.0,US,United States,Hawaii,US-HI,27.92,,,26.48,,,24.47,,,,22.45,,,,
US-HI,Hawaii,2020-05-25,2.0,84.0,US,United States,Hawaii,US-HI,46.53,20.45,,20.45,,,17.78,,,,36.16,,,,
US-HI,Hawaii,2020-06-01,-1.0,83.0,US,United States,Hawaii,US-HI,27.99,14.29,,22.93,,,19.36,,,,25.91,,,,
US-HI,Hawaii,2020-06-08,1.0,84.0,US,United States,Hawaii,US-HI,34.94,13.62,,26.35,,,21.91,,,,29.31,,,,17.47
US-HI,Hawaii,2020-06-15,7.0,91.0,US,United States,Hawaii,US-HI,37.62,15.82,,26.57,,,13.73,,,,29.56,,,,18.21
US-HI,Hawaii,2020-06-22,6.0,97.0,US,United States,Hawaii,US-HI,30.68,19.55,,16.24,,,22.86,,,,34.89,,,,
US-HI,Hawaii,2020-06-29,14.0,111.0,US,United States,Hawaii,US-HI,26.87,20.46,,14.96,,,24.73,,,,31.45,,,,
US-HI,Hawaii,2020-07-06,7.0,118.0,US,United States,Hawaii,US-HI,22.45,21.55,,22.45,,,28.74,,,,35.62,,,,18.56
US-HI,Hawaii,2020-07-13,7.0,125.0,US,United States,Hawaii,US-HI,36.8,22.73,,24.83,,,25.13,,,,37.09,,,,17.95
US-HI,Hawaii,2020-07-20,25.0,150.0,US,United States,Hawaii,US-HI,30.39,24.78,,18.29,,,19.18,,,,41.01,,,,16.52
US-HI,Hawaii,2020-07-27,13.0,163.0,US,United States,Hawaii,US-HI,28.5,25.8,,28.5,,,16.5,,,,33.0,,,,14.1
US-HI,Hawaii,2020-08-03,36.0,199.0,US,United States,Hawaii,US-HI,40.95,32.11,,15.91,,,35.06,,,,34.47,,,,
US-HI,Hawaii,2020-08-10,40.0,239.0,US,United States,Hawaii,US-HI,29.11,16.3,,21.83,,,23.58,,,,29.69,,,,
US-HI,Hawaii,2020-08-17,44.0,283.0,US,United States,Hawaii,US-HI,36.2,17.4,,22.73,,,19.36,,,,36.2,,,,19.93
US-HI,Hawaii,2020-08-24,113.0,396.0,US,United States,Hawaii,US-HI,29.67,27.25,,22.39,,,17.53,,,,20.5,,,,11.33
US-HI,Hawaii,2020-08-31,109.0,505.0,US,United States,Hawaii,US-HI,33.4,23.35,,28.79,,,23.62,,,,39.92,,,,13.04
US-HI,Hawaii,2020-09-07,92.0,597.0,US,United States,Hawaii,US-HI,31.86,16.07,,31.59,,,14.16,,,,28.05,,,,18.52
US-HI,Hawaii,2020-09-14,39.0,636.0,US,United States,Hawaii,US-HI,30.14,23.35,,22.54,,,21.99,,,,33.13,,,,
US-HI,Hawaii,2020-09-21,94.0,730.0,US,United States,Hawaii,US-HI,34.62,22.36,,25.63,,,28.08,,,,36.26,,,,14.99
US-ID,Idaho,2020-03-16,0.0,0.0,US,United States,Idaho,US-ID,,35.39,,,,,,,,,,,,,95.86
US-ID,Idaho,2020-03-23,0.0,0.0,US,United States,Idaho,US-ID,,24.71,,,,,,,,,,,,,68.63
US-ID,Idaho,2020-03-30,39.0,39.0,US,United States,Idaho,US-ID,,18.95,,,,,,,,,,,,,50.91
US-ID,Idaho,2020-04-06,38.0,77.0,US,United States,Idaho,US-ID,,17.13,,,,,,,,,,,,,34.62
US-ID,Idaho,2020-04-13,55.0,132.0,US,United States,Idaho,US-ID,,16.04,,,,,,,,,,,,,24.69
US-ID,Idaho,2020-04-20,19.0,151.0,US,United States,Idaho,US-ID,,16.7,,,,,,,,,,,,,20.37
US-ID,Idaho,2020-04-27,18.0,169.0,US,United States,Idaho,US-ID,,12.8,,,,,,,,,,,,,13.35
US-ID,Idaho,2020-05-04,31.0,200.0,US,United States,Idaho,US-ID,,14.23,,,,,,,,,,,,,12.71
US-ID,Idaho,2020-05-11,7.0,207.0,US,United States,Idaho,US-ID,,12.54,,,,,,,,,,,,,13.86
US-ID,Idaho,2020-05-18,6.0,213.0,US,United States,Idaho,US-ID,,15.66,,,,,,,,,,,,,12.57
US-ID,Idaho,2020-05-25,12.0,225.0,US,United States,Idaho,US-ID,,15.32,,,,,,,,,,,,,13.51
US-ID,Idaho,2020-06-01,17.0,242.0,US,United States,Idaho,US-ID,,14.34,,,,,,,,,,,,,8.16
US-ID,Idaho,2020-06-08,18.0,260.0,US,United States,Idaho,US-ID,,,,,,,,,,,,,,,8.53
US-ID,Idaho,2020-06-15,6.0,266.0,US,United States,Idaho,US-ID,,13.52,,,,,,,,,,,,,10.29
US-ID,Idaho,2020-06-22,17.0,283.0,US,United States,Idaho,US-ID,,22.95,,,,,,,,,,,,,10.87
US-ID,Idaho,2020-06-29,29.0,312.0,US,United States,Idaho,US-ID,,18.34,,,,,,,,,,,,,16.07
US-ID,Idaho,2020-07-06,57.0,369.0,US,United States,Idaho,US-ID,,18.29,,,,,,,,,,,,,20.08
US-ID,Idaho,2020-07-13,108.0,477.0,US,United States,Idaho,US-ID,,13.77,,,,,,,,,,,,,16.97
US-ID,Idaho,2020-07-20,123.0,600.0,US,United States,Idaho,US-ID,,19.13,,,,,,,,,,,,,15.1
US-ID,Idaho,2020-07-27,141.0,741.0,US,United States,Idaho,US-ID,,18.91,,,,,,,,,,,,,18.51
US-ID,Idaho,2020-08-03,133.0,874.0,US,United States,Idaho,US-ID,,21.68,,,,,,,,,,,,,16.46
US-ID,Idaho,2020-08-10,125.0,999.0,US,United States,Idaho,US-ID,,14.0,,,,,,,,,,,,,9.4
US-ID,Idaho,2020-08-17,111.0,1110.0,US,United States,Idaho,US-ID,,14.84,,,,,,,,,,,,,12.34
US-ID,Idaho,2020-08-24,146.0,1256.0,US,United States,Idaho,US-ID,,14.79,,,,,,,,,,,,,14.23
US-ID,Idaho,2020-08-31,113.0,1369.0,US,United States,Idaho,US-ID,,19.18,,,,,,,,,,,,,15.42
US-ID,Idaho,2020-09-07,97.0,1466.0,US,United States,Idaho,US-ID,,18.24,,,,,,,,,,,,,13.27
US-ID,Idaho,2020-09-14,138.0,1604.0,US,United States,Idaho,US-ID,,13.7,,,,,,,,,,,,,16.01
US-ID,Idaho,2020-09-21,114.0,1718.0,US,United States,Idaho,US-ID,,15.97,,,,,,,,,,,,,19.24
US-ME,Maine,2020-03-16,0.0,0.0,US,United States,Maine,US-ME,15.25,25.47,23.03,26.08,23.64,19.37,36.91,16.32,12.66,,34.47,26.69,11.59,13.73,61.77
US-ME,Maine,2020-03-23,0.0,0.0,US,United States,Maine,US-ME,14.03,18.27,18.41,35.22,20.9,45.16,27.18,14.03,17.1,,29.81,31.42,12.57,18.7,35.51
US-ME,Maine,2020-03-30,49.0,49.0,US,United States,Maine,US-ME,11.92,12.49,24.27,23.98,15.47,20.86,18.73,17.6,14.19,,30.79,21.43,16.18,14.05,27.96
US-ME,Maine,2020-04-06,43.0,92.0,US,United States,Maine,US-ME,13.76,13.17,18.0,21.51,13.03,21.51,19.76,19.76,18.0,,25.17,24.0,12.44,15.07,19.61
US-ME,Maine,2020-04-13,32.0,124.0,US,United States,Maine,US-ME,19.78,13.81,17.36,16.94,16.94,20.78,12.24,22.91,15.23,,21.63,13.52,17.51,15.66,16.08
US-ME,Maine,2020-04-20,14.0,138.0,US,United States,Maine,US-ME,18.08,9.99,16.9,20.29,18.23,19.84,17.05,19.99,18.82,,20.29,16.32,17.05,10.88,11.76
US-ME,Maine,2020-04-27,23.0,161.0,US,United States,Maine,US-ME,16.65,8.18,14.5,16.51,18.23,19.67,13.49,17.08,16.8,,14.21,17.66,15.36,15.36,10.34
US-ME,Maine,2020-05-04,25.0,186.0,US,United States,Maine,US-ME,17.89,13.85,14.57,23.08,19.33,22.22,15.15,16.45,19.04,,17.89,17.31,18.75,14.28,10.1
US-ME,Maine,2020-05-11,14.0,200.0,US,United States,Maine,US-ME,17.78,12.05,16.46,12.05,18.22,14.26,8.82,12.49,19.4,,17.34,15.43,14.99,8.96,6.91
US-ME,Maine,2020-05-18,23.0,223.0,US,United States,Maine,US-ME,15.82,6.84,12.47,12.62,20.53,13.54,8.82,20.68,17.95,,14.6,15.21,12.62,14.3,6.24
US-ME,Maine,2020-05-25,34.0,257.0,US,United States,Maine,US-ME,14.24,11.4,9.75,9.75,20.69,17.84,6.6,15.59,18.44,,13.95,13.2,17.54,14.99,
US-ME,Maine,2020-06-01,27.0,284.0,US,United States,Maine,US-ME,15.12,9.93,12.45,10.08,20.31,13.64,12.75,16.46,17.64,,12.9,12.75,15.72,13.94,6.38
US-ME,Maine,2020-06-08,17.0,301.0,US,United States,Maine,US-ME,13.55,9.49,11.45,15.36,26.05,13.1,10.84,21.38,17.77,,12.8,14.31,15.66,27.41,
US-ME,Maine,2020-06-15,16.0,317.0,US,United States,Maine,US-ME,14.3,9.38,9.23,13.22,25.52,13.99,14.61,17.53,21.83,,13.22,13.84,17.84,26.6,6.46
US-ME,Maine,2020-06-22,19.0,336.0,US,United States,Maine,US-ME,6.58,7.32,14.2,15.69,11.51,8.37,12.85,23.76,19.88,,15.54,13.75,19.28,24.21,
US-ME,Maine,2020-06-29,11.0,347.0,US,United States,Maine,US-ME,17.2,12.79,18.52,11.03,26.76,13.53,10.0,17.94,18.08,,13.82,15.44,19.85,18.38,7.06
US-ME,Maine,2020-07-06,12.0,359.0,US,United States,Maine,US-ME,19.84,10.21,15.1,14.23,22.43,13.66,17.97,16.54,18.12,,16.68,11.21,17.68,17.97,6.9
US-ME,Maine,2020-07-13,13.0,372.0,US,United States,Maine,US-ME,16.05,13.45,15.76,10.85,27.19,15.04,12.15,18.95,19.23,,15.04,13.45,19.23,18.37,7.09
US-ME,Maine,2020-07-20,3.0,375.0,US,United States,Maine,US-ME,20.58,13.62,13.33,12.17,31.01,15.65,15.51,20.0,22.03,,16.52,13.33,17.25,17.68,5.94
US-ME,Maine,2020-07-27,8.0,383.0,US,United States,Maine,US-ME,23.29,16.15,15.72,12.43,31.43,12.57,13.86,23.57,12.43,,15.57,13.43,15.29,15.86,8.29
US-ME,Maine,2020-08-03,6.0,389.0,US,United States,Maine,US-ME,9.86,11.57,13.0,9.29,30.57,13.14,14.0,21.14,20.0,,15.0,9.86,18.0,17.57,
US-ME,Maine,2020-08-10,4.0,393.0,US,United States,Maine,US-ME,19.09,7.55,14.39,16.67,31.63,16.1,13.53,20.66,22.08,,15.53,14.25,14.96,11.11,8.26
US-ME,Maine,2020-08-17,6.0,399.0,US,United States,Maine,US-ME,19.85,13.14,11.99,12.85,24.99,13.14,16.99,19.7,19.42,,15.42,12.57,16.56,12.99,7.14
US-ME,Maine,2020-08-24,10.0,409.0,US,United States,Maine,US-ME,22.17,9.26,15.16,14.6,27.09,15.44,15.86,16.0,20.21,,14.74,13.19,17.68,14.31,
US-ME,Maine,2020-08-31,11.0,420.0,US,United States,Maine,US-ME,20.0,8.79,12.91,14.61,23.69,14.18,12.91,17.3,15.32,,12.77,14.47,18.86,19.71,8.51
US-ME,Maine,2020-09-07,7.0,427.0,US,United States,Maine,US-ME,20.93,7.95,15.9,19.25,28.32,20.93,12.97,18.14,20.23,,12.84,19.39,18.42,21.9,
US-ME,Maine,2020-09-14,4.0,431.0,US,United States,Maine,US-ME,24.98,9.16,14.57,19.84,18.59,33.44,19.7,16.37,21.65,,16.51,18.18,21.79,18.73,6.11
US-ME,Maine,2020-09-21,9.0,440.0,US,United States,Maine,US-ME,20.27,11.66,16.8,16.66,30.68,27.91,12.08,22.63,19.16,,13.75,22.08,19.99,17.36,7.91
US-MT,Montana,2020-03-16,0.0,0.0,US,United States,Montana,US-MT,6.74,13.23,11.11,13.61,8.49,10.11,20.47,,,9.74,18.85,17.1,9.86,,35.33
US-MT,Montana,2020-03-23,0.0,0.0,US,United States,Montana,US-MT,,8.71,12.19,16.83,8.82,26.59,12.77,8.47,6.62,12.07,15.67,13.7,6.38,6.85,22.17
US-MT,Montana,2020-03-30,10.0,10.0,US,United States,Montana,US-MT,6.89,5.87,11.52,12.2,8.13,10.95,9.71,9.15,7.34,8.7,12.08,11.29,,8.13,18.97
US-MT,Montana,2020-04-06,14.0,24.0,US,United States,Montana,US-MT,7.21,5.82,9.3,9.65,8.49,9.89,11.52,9.77,7.33,10.47,7.79,7.68,7.91,6.75,12.79
US-MT,Montana,2020-04-13,23.0,47.0,US,United States,Montana,US-MT,5.08,5.64,6.54,8.46,10.94,13.2,8.91,8.35,10.6,13.54,6.77,11.84,5.98,7.9,9.93
US-MT,Montana,2020-04-20,10.0,57.0,US,United States,Montana,US-MT,8.76,,8.88,7.59,8.53,9.93,8.29,,8.88,13.9,8.06,8.99,9.46,9.7,8.29
US-MT,Montana,2020-04-27,4.0,61.0,US,United States,Montana,US-MT,8.55,5.11,10.34,8.55,7.37,8.67,6.54,8.32,10.46,10.1,6.77,,9.03,5.94,5.11
US-MT,Montana,2020-05-04,1.0,62.0,US,United States,Montana,US-MT,,5.88,8.51,7.67,12.95,8.75,7.55,5.16,8.87,11.63,7.07,8.87,6.71,9.11,5.04
US-MT,Montana,2020-05-11,0.0,62.0,US,United States,Montana,US-MT,5.74,,6.93,7.65,8.49,7.17,5.38,7.53,10.04,11.84,,8.01,6.1,12.43,6.1
US-MT,Montana,2020-05-18,2.0,64.0,US,United States,Montana,US-MT,7.47,,5.15,7.35,10.91,7.6,5.64,8.7,10.78,11.27,6.25,5.27,6.5,6.74,
US-MT,Montana,2020-05-25,1.0,65.0,US,United States,Montana,US-MT,9.43,,6.5,6.88,12.74,8.79,5.35,8.66,8.92,11.34,7.64,5.35,6.5,10.06,
US-MT,Montana,2020-06-01,2.0,67.0,US,United States,Montana,US-MT,5.72,,7.84,7.09,9.7,9.08,7.71,7.71,8.09,7.21,,7.59,7.21,8.09,
US-MT,Montana,2020-06-08,2.0,69.0,US,United States,Montana,US-MT,7.47,8.34,6.97,,10.7,12.44,5.72,7.71,8.96,13.06,,7.22,10.08,9.33,
US-MT,Montana,2020-06-15,9.0,78.0,US,United States,Montana,US-MT,7.62,,6.49,6.49,9.24,,5.99,8.24,9.99,10.74,,5.74,8.11,10.24,5.12
US-MT,Montana,2020-06-22,12.0,90.0,US,United States,Montana,US-MT,8.49,,10.23,5.87,11.23,7.36,5.24,8.74,,9.36,7.49,10.11,7.49,9.36,
US-MT,Montana,2020-06-29,10.0,100.0,US,United States,Montana,US-MT,6.72,5.96,6.21,6.72,10.01,7.73,7.6,9.12,8.74,16.22,5.96,9.5,15.46,9.25,5.58
US-MT,Montana,2020-07-06,12.0,112.0,US,United States,Montana,US-MT,10.77,5.44,7.86,7.14,12.1,7.26,7.62,7.62,7.99,7.26,5.69,10.53,11.49,10.04,5.2
US-MT,Montana,2020-07-13,21.0,133.0,US,United States,Montana,US-MT,7.0,,8.57,7.0,8.45,5.43,9.66,5.67,9.42,7.97,9.9,7.73,11.47,8.09,6.16
US-MT,Montana,2020-07-20,34.0,167.0,US,United States,Montana,US-MT,8.74,6.07,6.55,5.82,11.04,8.25,,6.43,7.89,11.04,7.89,5.95,8.13,8.86,
US-MT,Montana,2020-07-27,34.0,201.0,US,United States,Montana,US-MT,7.5,7.74,6.41,5.69,12.1,6.66,7.02,7.5,11.13,9.92,6.9,9.32,7.62,7.02,
US-MT,Montana,2020-08-03,35.0,236.0,US,United States,Montana,US-MT,7.84,,7.36,4.95,10.13,5.31,7.12,10.49,8.32,10.37,6.39,8.81,7.48,6.63,
US-MT,Montana,2020-08-10,37.0,273.0,US,United States,Montana,US-MT,7.71,,10.97,5.54,14.95,6.75,7.11,9.76,10.85,8.32,6.99,7.71,9.76,7.71,
US-MT,Montana,2020-08-17,57.0,330.0,US,United States,Montana,US-MT,9.39,5.75,5.04,,11.85,4.81,5.98,8.45,8.21,10.56,6.1,6.22,8.92,5.75,
US-MT,Montana,2020-08-24,53.0,383.0,US,United States,Montana,US-MT,5.76,5.53,8.76,7.03,11.41,6.11,6.22,7.03,10.02,13.13,4.84,7.26,10.83,10.95,
US-MT,Montana,2020-08-31,53.0,436.0,US,United States,Montana,US-MT,7.88,8.68,10.39,5.02,10.85,11.3,4.79,10.73,8.11,9.13,4.79,9.25,14.61,9.71,6.28
US-MT,Montana,2020-09-07,62.0,498.0,US,United States,Montana,US-MT,8.35,6.77,6.2,11.96,12.18,11.5,7.33,,8.68,12.07,4.96,10.49,7.78,8.91,4.85
US-MT,Montana,2020-09-14,33.0,531.0,US,United States,Montana,US-MT,7.68,7.9,6.91,8.67,9.77,11.74,7.02,9.88,7.46,13.61,4.39,11.52,11.41,10.21,
US-MT,Montana,2020-09-21,45.0,576.0,US,United States,Montana,US-MT,9.4,8.06,8.5,10.85,11.41,12.42,4.92,8.84,12.08,15.11,5.82,14.66,10.4,12.31,
US-ND,North Dakota,2020-03-16,0.0,0.0,US,United States,North Dakota,US-ND,4.38,4.38,7.39,9.24,6.13,9.54,12.84,,7.49,4.96,10.9,11.29,6.13,6.62,18.58
US-ND,North Dakota,2020-03-23,4.0,4.0,US,United States,North Dakota,US-ND,4.8,5.91,5.26,11.17,6.0,18.37,10.52,4.89,6.74,7.94,11.26,9.79,5.72,4.52,13.76
US-ND,North Dakota,2020-03-30,15.0,19.0,US,United States,North Dakota,US-ND,,3.7,7.66,9.86,3.96,11.18,7.48,3.87,4.4,6.69,9.6,7.92,5.37,5.9,11.09
US-ND,North Dakota,2020-04-06,13.0,32.0,US,United States,North Dakota,US-ND,3.98,,6.43,7.42,,9.6,,4.71,3.71,6.7,6.25,8.06,6.43,7.7,6.25
US-ND,North Dakota,2020-04-13,8.0,40.0,US,United States,North Dakota,US-ND,3.91,,6.14,6.31,5.96,10.14,,5.07,4.62,7.03,6.31,5.25,5.6,4.36,8.0
US-ND,North Dakota,2020-04-20,13.0,53.0,US,United States,North Dakota,US-ND,,3.94,4.58,8.42,,7.6,,5.4,5.22,8.97,7.23,6.87,5.95,6.32,5.49
US-ND,North Dakota,2020-04-27,24.0,77.0,US,United States,North Dakota,US-ND,4.5,,5.62,4.69,5.81,7.12,,9.0,6.94,7.31,,4.78,7.22,5.62,5.53
US-ND,North Dakota,2020-05-04,17.0,94.0,US,United States,North Dakota,US-ND,,,4.52,4.43,,9.59,,5.07,5.44,7.56,5.81,5.07,4.33,4.52,
US-ND,North Dakota,2020-05-11,21.0,115.0,US,United States,North Dakota,US-ND,,,6.77,5.34,4.29,6.58,6.39,4.1,6.68,5.44,5.82,4.77,5.82,4.96,5.15
US-ND,North Dakota,2020-05-18,18.0,133.0,US,United States,North Dakota,US-ND,4.89,,4.69,4.48,5.81,4.28,4.89,5.3,6.11,6.22,5.2,6.32,,,
US-ND,North Dakota,2020-05-25,21.0,154.0,US,United States,North Dakota,US-ND,4.2,,6.2,6.62,4.62,,,,6.2,6.09,,5.78,4.73,4.2,
US-ND,North Dakota,2020-06-01,15.0,169.0,US,United States,North Dakota,US-ND,5.56,,4.84,5.66,,,,4.33,6.49,5.05,5.05,4.43,,7.62,
US-ND,North Dakota,2020-06-08,15.0,184.0,US,United States,North Dakota,US-ND,5.1,,4.08,6.02,5.81,4.28,5.3,5.2,4.79,6.53,7.75,6.93,5.0,7.65,
US-ND,North Dakota,2020-06-15,13.0,197.0,US,United States,North Dakota,US-ND,5.21,,4.58,6.98,5.21,,4.48,6.77,4.69,10.1,5.62,5.73,4.38,4.27,
US-ND,North Dakota,2020-06-22,21.0,218.0,US,United States,North Dakota,US-ND,4.72,,7.44,,,5.76,4.3,5.14,4.61,5.24,,6.29,7.02,7.23,
US-ND,North Dakota,2020-06-29,9.0,227.0,US,United States,North Dakota,US-ND,,,,,,,,4.54,,8.96,,,6.08,6.19,
US-ND,North Dakota,2020-07-06,18.0,245.0,US,United States,North Dakota,US-ND,4.17,,,,4.91,,4.7,6.89,6.26,5.32,7.62,5.53,6.99,4.8,
US-ND,North Dakota,2020-07-13,32.0,277.0,US,United States,North Dakota,US-ND,5.37,4.13,4.64,,4.13,5.99,5.68,4.85,5.37,5.68,4.75,5.06,5.68,5.37,
US-ND,North Dakota,2020-07-20,28.0,305.0,US,United States,North Dakota,US-ND,,,6.02,5.09,5.82,5.82,5.09,4.98,5.71,5.5,,,5.5,6.23,
US-ND,North Dakota,2020-07-27,32.0,337.0,US,United States,North Dakota,US-ND,5.78,,,4.62,8.3,,5.25,5.25,5.46,6.51,4.83,5.04,8.41,4.83,
US-ND,North Dakota,2020-08-03,42.0,379.0,US,United States,North Dakota,US-ND,5.59,,5.38,6.93,5.9,4.24,,,6.31,7.04,4.66,4.66,4.66,5.59,
US-ND,North Dakota,2020-08-10,38.0,417.0,US,United States,North Dakota,US-ND,,,5.36,6.08,8.55,5.15,5.46,4.94,6.38,,5.15,5.25,6.69,5.46,
US-ND,North Dakota,2020-08-17,44.0,461.0,US,United States,North Dakota,US-ND,4.53,,5.53,4.03,5.63,,5.23,4.13,5.74,5.74,5.03,4.63,5.13,4.53,
US-ND,North Dakota,2020-08-24,44.0,505.0,US,United States,North Dakota,US-ND,,,,4.93,7.58,4.55,4.74,6.07,5.97,9.39,5.21,6.54,7.11,4.46,
US-ND,North Dakota,2020-08-31,49.0,554.0,US,United States,North Dakota,US-ND,5.39,,,7.28,5.2,8.8,,6.24,5.49,7.38,4.16,7.38,6.81,6.15,
US-ND,North Dakota,2020-09-07,48.0,602.0,US,United States,North Dakota,US-ND,5.18,,7.03,6.94,7.68,10.45,7.86,4.35,10.73,6.84,4.44,7.12,5.64,6.01,4.35
US-ND,North Dakota,2020-09-14,44.0,646.0,US,United States,North Dakota,US-ND,,,4.52,8.94,7.95,8.94,4.06,6.5,5.51,7.04,4.52,11.92,6.95,10.66,5.78
US-ND,North Dakota,2020-09-21,84.0,730.0,US,United States,North Dakota,US-ND,5.6,4.07,7.59,6.6,5.96,8.77,4.88,,6.42,6.51,6.42,11.21,7.05,7.95,6.05
US-NE,Nebraska,2020-03-16,0.0,0.0,US,United States,Nebraska,US-NE,,68.29,,,,,,,,,,,,,
US-NE,Nebraska,2020-03-23,0.0,0.0,US,United States,Nebraska,US-NE,,40.36,,,,,,,,,,,,,
US-NE,Nebraska,2020-03-30,0.0,0.0,US,United States,Nebraska,US-NE,,47.43,,,,,,,,,,,,,
US-NE,Nebraska,2020-04-06,0.0,0.0,US,United States,Nebraska,US-NE,,29.94,,,,,,,,,,,,,
US-NE,Nebraska,2020-04-13,0.0,0.0,US,United States,Nebraska,US-NE,,29.16,,,,,,,,,,,,,
US-NE,Nebraska,2020-04-20,0.0,0.0,US,United States,Nebraska,US-NE,,33.62,,,,,,,,,,,,,
US-NE,Nebraska,2020-04-27,0.0,0.0,US,United States,Nebraska,US-NE,,33.43,,,,,,,,,,,,,
US-NE,Nebraska,2020-05-04,0.0,0.0,US,United States,Nebraska,US-NE,,36.5,,,,,,,,,,,,,
US-NE,Nebraska,2020-05-11,0.0,0.0,US,United States,Nebraska,US-NE,,24.28,,,,,,,,,,,,,
US-NE,Nebraska,2020-05-18,0.0,0.0,US,United States,Nebraska,US-NE,,32.63,,,,,,,,,,,,,
US-NE,Nebraska,2020-05-25,0.0,0.0,US,United States,Nebraska,US-NE,,27.43,,,,,,,,,,,,,
US-NE,Nebraska,2020-06-01,0.0,0.0,US,United States,Nebraska,US-NE,,40.49,,,,,,,,,,,,,
US-NE,Nebraska,2020-06-08,935.0,935.0,US,United States,Nebraska,US-NE,,35.03,,,,,,,,,,,,,
US-NE,Nebraska,2020-06-15,140.0,1075.0,US,United States,Nebraska,US-NE,,33.36,,,,,,,,,,,,,
US-NE,Nebraska,2020-06-22,137.0,1212.0,US,United States,Nebraska,US-NE,,35.72,,,,,,,,,,,,,
US-NE,Nebraska,2020-06-29,104.0,1316.0,US,United States,Nebraska,US-NE,,37.95,,,,,,,,,,,,,
US-NE,Nebraska,2020-07-06,53.0,1369.0,US,United States,Nebraska,US-NE,,38.13,,,,,,,,,,,,,
US-NE,Nebraska,2020-07-13,52.0,1421.0,US,United States,Nebraska,US-NE,,43.16,,,,,,,,,,,,,
US-NE,Nebraska,2020-07-20,61.0,1482.0,US,United States,Nebraska,US-NE,,39.27,,,,,,,,,,,,,
US-NE,Nebraska,2020-07-27,88.0,1570.0,US,United States,Nebraska,US-NE,,46.36,,,,,,,,,,,,,
US-NE,Nebraska,2020-08-03,60.0,1630.0,US,United States,Nebraska,US-NE,,40.07,,,,,,,,,,,,,
US-NE,Nebraska,2020-08-10,92.0,1722.0,US,United States,Nebraska,US-NE,,35.84,,,,,,,,,,,,,
US-NE,Nebraska,2020-08-17,161.0,1883.0,US,United States,Nebraska,US-NE,,30.66,,,,,,,,,,,,,
US-NE,Nebraska,2020-08-24,27.0,1910.0,US,United States,Nebraska,US-NE,,39.98,,,,,,,,,,,,,
US-NE,Nebraska,2020-08-31,84.0,1994.0,US,United States,Nebraska,US-NE,,41.52,,,,,,,,,,,,,
US-NE,Nebraska,2020-09-07,74.0,2068.0,US,United States,Nebraska,US-NE,,33.18,,,,,,,,,,,,,
US-NE,Nebraska,2020-09-14,71.0,2139.0,US,United States,Nebraska,US-NE,,42.21,,,,,,,,,,,,,
US-NE,Nebraska,2020-09-21,55.0,2194.0,US,United States,Nebraska,US-NE,,43.88,,,,,,,,,,,,,
US-NH,New Hampshire,2020-03-16,0.0,0.0,US,United States,New Hampshire,US-NH,17.2,13.65,19.17,26.39,19.82,9.19,30.98,11.81,14.96,,40.96,,11.42,12.47,59.07
US-NH,New Hampshire,2020-03-23,0.0,0.0,US,United States,New Hampshire,US-NH,17.58,11.76,22.16,24.64,20.68,41.1,22.66,19.44,13.74,,34.67,,14.11,18.82,36.03
US-NH,New Hampshire,2020-03-30,45.0,45.0,US,United States,New Hampshire,US-NH,11.94,11.58,21.2,22.18,15.84,21.08,17.67,17.55,13.77,,30.22,,13.89,9.99,25.83
US-NH,New Hampshire,2020-04-06,47.0,92.0,US,United States,New Hampshire,US-NH,17.4,,20.24,22.22,18.27,16.05,14.07,20.49,17.9,,21.85,,11.85,16.42,19.13
US-NH,New Hampshire,2020-04-13,60.0,152.0,US,United States,New Hampshire,US-NH,16.07,8.94,20.18,16.8,15.23,20.3,13.42,17.65,16.07,,19.46,,13.9,17.65,11.6
US-NH,New Hampshire,2020-04-20,46.0,198.0,US,United States,New Hampshire,US-NH,20.42,9.72,16.17,14.46,20.42,18.48,12.15,17.5,19.08,,19.33,,13.61,14.22,14.22
US-NH,New Hampshire,2020-04-27,44.0,242.0,US,United States,New Hampshire,US-NH,17.37,6.37,16.74,15.99,11.87,23.24,10.5,17.74,20.24,,15.74,,14.37,15.99,15.99
US-NH,New Hampshire,2020-05-04,44.0,286.0,US,United States,New Hampshire,US-NH,17.95,10.45,14.02,12.05,20.16,20.9,10.94,17.83,19.67,,16.84,,16.23,14.26,9.22
US-NH,New Hampshire,2020-05-11,32.0,318.0,US,United States,New Hampshire,US-NH,12.88,9.63,15.88,11.25,21.13,10.88,9.88,14.0,16.25,,13.38,,8.13,17.63,8.88
US-NH,New Hampshire,2020-05-18,41.0,359.0,US,United States,New Hampshire,US-NH,15.4,,12.16,15.14,15.01,11.26,11.26,19.92,19.28,,19.66,,15.78,19.54,6.34
US-NH,New Hampshire,2020-05-25,60.0,419.0,US,United States,New Hampshire,US-NH,15.3,10.16,10.03,11.96,17.61,12.09,8.74,12.98,17.36,,9.77,,13.5,15.04,
US-NH,New Hampshire,2020-06-01,32.0,451.0,US,United States,New Hampshire,US-NH,16.57,7.96,10.79,9.51,17.6,12.72,12.33,17.73,18.88,,10.4,,14.0,17.34,5.52
US-NH,New Hampshire,2020-06-08,38.0,489.0,US,United States,New Hampshire,US-NH,16.02,9.06,8.93,9.72,25.87,15.23,10.51,15.89,16.68,,13.27,,16.02,16.15,
US-NH,New Hampshire,2020-06-15,30.0,519.0,US,United States,New Hampshire,US-NH,13.08,11.86,12.54,14.29,22.51,14.42,8.09,17.52,17.93,,11.59,,15.5,14.56,6.07
US-NH,New Hampshire,2020-06-22,34.0,553.0,US,United States,New Hampshire,US-NH,18.9,7.93,16.39,13.62,18.77,9.12,,21.81,24.72,,14.67,,13.88,14.94,
US-NH,New Hampshire,2020-06-29,12.0,565.0,US,United States,New Hampshire,US-NH,14.08,8.98,12.87,8.98,20.65,11.53,11.0,20.52,18.91,,11.94,,16.5,16.63,6.84
US-NH,New Hampshire,2020-07-06,5.0,570.0,US,United States,New Hampshire,US-NH,16.58,10.57,15.01,13.97,19.19,14.88,11.75,19.19,19.19,,13.32,,20.89,13.71,
US-NH,New Hampshire,2020-07-13,19.0,589.0,US,United States,New Hampshire,US-NH,19.18,7.27,9.52,13.22,24.33,14.15,11.64,16.79,20.36,,19.7,,17.72,14.81,7.01
US-NH,New Hampshire,2020-07-20,84.0,673.0,US,United States,New Hampshire,US-NH,14.35,12.09,13.15,11.83,28.04,14.88,13.29,26.31,19.8,,14.09,,19.53,18.87,7.17
US-NH,New Hampshire,2020-07-27,15.0,688.0,US,United States,New Hampshire,US-NH,16.41,12.84,13.37,12.04,29.25,10.85,15.35,19.19,15.62,,14.56,,15.09,18.26,5.29
US-NH,New Hampshire,2020-08-03,8.0,696.0,US,United States,New Hampshire,US-NH,17.94,7.44,11.69,9.7,28.83,12.89,11.56,16.74,19.8,,16.08,,17.94,18.2,5.32
US-NH,New Hampshire,2020-08-10,8.0,704.0,US,United States,New Hampshire,US-NH,16.13,10.84,14.55,11.37,28.43,9.52,15.61,21.42,18.78,,13.36,,18.78,17.59,
US-NH,New Hampshire,2020-08-17,5.0,709.0,US,United States,New Hampshire,US-NH,20.66,10.46,13.24,11.26,26.36,8.87,15.1,15.23,19.87,,15.36,,19.34,18.81,
US-NH,New Hampshire,2020-08-24,3.0,712.0,US,United States,New Hampshire,US-NH,16.74,9.86,14.79,14.14,29.58,8.56,12.58,19.46,17.77,,14.14,,17.9,18.29,5.19
US-NH,New Hampshire,2020-08-31,2.0,714.0,US,United States,New Hampshire,US-NH,15.93,15.41,15.67,12.54,21.8,18.8,13.06,20.89,15.67,,14.62,,18.28,16.58,8.1
US-NH,New Hampshire,2020-09-07,4.0,718.0,US,United States,New Hampshire,US-NH,16.35,10.14,16.35,12.42,23.2,19.39,13.31,21.55,19.01,,13.18,,19.77,23.58,8.11
US-NH,New Hampshire,2020-09-14,3.0,721.0,US,United States,New Hampshire,US-NH,19.53,9.45,8.82,18.65,23.94,31.88,13.86,19.03,17.77,,17.51,,19.03,21.55,6.43
US-NH,New Hampshire,2020-09-21,5.0,726.0,US,United States,New Hampshire,US-NH,15.22,13.46,15.85,16.98,27.43,22.27,16.86,18.87,23.4,,12.33,,17.49,22.39,11.2
US-NM,New Mexico,2020-03-16,0.0,0.0,US,United States,New Mexico,US-NM,,39.8,,,,,,,,,,,,,97.97
US-NM,New Mexico,2020-03-23,0.0,0.0,US,United States,New Mexico,US-NM,,32.67,,,,,,,,,,,,,70.4
US-NM,New Mexico,2020-03-30,0.0,0.0,US,United States,New Mexico,US-NM,,27.73,,,,,,,,,,,,,49.42
US-NM,New Mexico,2020-04-06,0.0,0.0,US,United States,New Mexico,US-NM,,24.65,,,,,,,,,,,,,36.87
US-NM,New Mexico,2020-04-13,0.0,0.0,US,United States,New Mexico,US-NM,,23.21,,,,,,,,,,,,,24.8
US-NM,New Mexico,2020-04-20,274.0,274.0,US,United States,New Mexico,US-NM,,18.09,,,,,,,,,,,,,18.69
US-NM,New Mexico,2020-04-27,138.0,412.0,US,United States,New Mexico,US-NM,,22.26,,,,,,,,,,,,,15.72
US-NM,New Mexico,2020-05-04,175.0,587.0,US,United States,New Mexico,US-NM,,22.98,,,,,,,,,,,,,18.01
US-NM,New Mexico,2020-05-11,202.0,789.0,US,United States,New Mexico,US-NM,,15.51,,,,,,,,,,,,,13.86
US-NM,New Mexico,2020-05-18,97.0,886.0,US,United States,New Mexico,US-NM,,17.68,,,,,,,,,,,,,14.88
US-NM,New Mexico,2020-05-25,357.0,1243.0,US,United States,New Mexico,US-NM,,21.68,,,,,,,,,,,,,15.98
US-NM,New Mexico,2020-06-01,74.0,1317.0,US,United States,New Mexico,US-NM,,18.67,,,,,,,,,,,,,9.98
US-NM,New Mexico,2020-06-08,216.0,1533.0,US,United States,New Mexico,US-NM,,26.05,,,,,,,,,,,,,19.49
US-NM,New Mexico,2020-06-15,92.0,1625.0,US,United States,New Mexico,US-NM,,22.08,,,,,,,,,,,,,13.47
US-NM,New Mexico,2020-06-22,121.0,1746.0,US,United States,New Mexico,US-NM,,14.53,,,,,,,,,,,,,11.45
US-NM,New Mexico,2020-06-29,119.0,1865.0,US,United States,New Mexico,US-NM,,14.86,,,,,,,,,,,,,17.34
US-NM,New Mexico,2020-07-06,141.0,2006.0,US,United States,New Mexico,US-NM,,24.32,,,,,,,,,,,,,24.1
US-NM,New Mexico,2020-07-13,198.0,2204.0,US,United States,New Mexico,US-NM,,16.92,,,,,,,,,,,,,18.66
US-NM,New Mexico,2020-07-20,183.0,2387.0,US,United States,New Mexico,US-NM,,21.27,,,,,,,,,,,,,19.52
US-NM,New Mexico,2020-07-27,173.0,2560.0,US,United States,New Mexico,US-NM,,21.71,,,,,,,,,,,,,13.38
US-NM,New Mexico,2020-08-03,160.0,2720.0,US,United States,New Mexico,US-NM,,19.22,,,,,,,,,,,,,14.04
US-NM,New Mexico,2020-08-10,131.0,2851.0,US,United States,New Mexico,US-NM,,15.3,,,,,,,,,,,,,10.06
US-NM,New Mexico,2020-08-17,114.0,2965.0,US,United States,New Mexico,US-NM,,18.28,,,,,,,,,,,,,15.23
US-NM,New Mexico,2020-08-24,66.0,3031.0,US,United States,New Mexico,US-NM,,18.93,,,,,,,,,,,,,9.67
US-NM,New Mexico,2020-08-31,95.0,3126.0,US,United States,New Mexico,US-NM,,23.36,,,,,,,,,,,,,11.06
US-NM,New Mexico,2020-09-07,60.0,3186.0,US,United States,New Mexico,US-NM,,18.39,,,,,,,,,,,,,16.74
US-NM,New Mexico,2020-09-14,81.0,3267.0,US,United States,New Mexico,US-NM,,20.36,,,,,,,,,,,,,8.96
US-NM,New Mexico,2020-09-21,74.0,3341.0,US,United States,New Mexico,US-NM,,17.27,,,,,,,,,,,,,16.45
US-RI,Rhode Island,2020-03-09,0.0,0.0,US,United States,Rhode Island,US-RI,8.88,14.76,12.21,12.65,15.98,9.65,24.3,11.21,11.43,15.54,18.09,15.87,11.1,11.21,36.62
US-RI,Rhode Island,2020-03-16,0.0,0.0,US,United States,Rhode Island,US-RI,10.7,12.03,13.02,20.63,9.71,11.47,20.3,7.83,12.14,15.34,30.89,21.07,6.29,9.6,30.23
US-RI,Rhode Island,2020-03-23,0.0,0.0,US,United States,Rhode Island,US-RI,10.41,10.92,16.78,19.21,6.87,21.43,15.16,14.36,10.41,15.06,19.91,21.63,9.81,15.16,16.38
US-RI,Rhode Island,2020-03-30,0.0,0.0,US,United States,Rhode Island,US-RI,12.43,9.42,17.84,13.43,7.72,13.73,11.22,9.32,10.12,16.44,20.75,16.44,7.72,10.42,17.54
US-RI,Rhode Island,2020-04-06,0.0,0.0,US,United States,Rhode Island,US-RI,12.31,8.61,13.13,13.95,9.44,14.36,8.0,12.2,13.33,16.61,18.87,14.77,10.15,13.23,13.95
US-RI,Rhode Island,2020-04-13,331.0,331.0,US,United States,Rhode Island,US-RI,10.81,7.44,14.18,8.63,9.32,10.61,10.31,20.92,11.3,15.57,15.86,12.0,9.81,12.79,9.02
US-RI,Rhode Island,2020-04-20,298.0,629.0,US,United States,Rhode Island,US-RI,10.73,7.58,12.31,9.55,8.67,13.89,11.52,15.17,14.48,19.3,11.23,10.93,10.64,11.13,11.23
US-RI,Rhode Island,2020-04-27,89.0,718.0,US,United States,Rhode Island,US-RI,15.49,5.13,13.18,11.06,9.55,16.39,6.84,14.28,11.16,17.5,12.77,13.58,13.58,11.06,6.13
US-RI,Rhode Island,2020-05-04,343.0,1061.0,US,United States,Rhode Island,US-RI,10.94,6.79,10.94,9.62,7.19,9.72,7.49,13.87,11.85,19.04,7.39,8.1,11.54,11.65,4.46
US-RI,Rhode Island,2020-05-11,219.0,1280.0,US,United States,Rhode Island,US-RI,12.47,7.07,8.62,10.49,10.29,9.66,7.69,15.59,12.88,16.62,12.16,10.7,8.62,9.14,4.99
US-RI,Rhode Island,2020-05-18,158.0,1438.0,US,United States,Rhode Island,US-RI,11.68,10.2,13.67,6.0,10.94,8.52,6.84,9.68,12.73,14.09,11.04,10.1,11.57,10.62,5.15
US-RI,Rhode Island,2020-05-25,142.0,1580.0,US,United States,Rhode Island,US-RI,6.37,5.31,9.24,5.1,12.42,8.49,7.11,10.94,12.95,15.93,11.04,7.43,9.55,11.25,
US-RI,Rhode Island,2020-06-01,144.0,1724.0,US,United States,Rhode Island,US-RI,10.75,6.64,5.8,6.22,8.12,6.96,7.91,9.59,14.97,16.87,6.22,10.12,10.65,13.81,
US-RI,Rhode Island,2020-06-08,83.0,1807.0,US,United States,Rhode Island,US-RI,10.29,,10.19,9.65,13.83,12.87,8.15,9.54,13.4,16.3,9.87,8.69,10.72,12.87,
US-RI,Rhode Island,2020-06-15,75.0,1882.0,US,United States,Rhode Island,US-RI,6.8,9.93,8.59,9.03,10.48,11.38,8.59,10.15,12.49,17.51,8.03,10.37,10.04,11.71,4.8
US-RI,Rhode Island,2020-06-22,68.0,1950.0,US,United States,Rhode Island,US-RI,10.14,8.16,7.61,8.27,15.32,12.35,10.14,12.13,14.0,10.03,7.83,8.49,11.58,11.13,
US-RI,Rhode Island,2020-06-29,45.0,1995.0,US,United States,Rhode Island,US-RI,11.56,,8.87,6.85,16.28,8.87,8.2,13.36,13.25,21.67,9.43,8.98,9.54,7.3,
US-RI,Rhode Island,2020-07-06,24.0,2019.0,US,United States,Rhode Island,US-RI,12.05,10.74,11.51,9.31,15.56,11.62,10.3,12.49,14.79,15.56,7.01,10.41,9.64,11.07,
US-RI,Rhode Island,2020-07-13,47.0,2066.0,US,United States,Rhode Island,US-RI,12.4,9.22,12.29,8.34,13.72,7.9,7.24,11.52,11.63,17.45,9.0,6.8,11.96,10.87,
US-RI,Rhode Island,2020-07-20,44.0,2110.0,US,United States,Rhode Island,US-RI,12.58,7.5,8.16,7.83,13.13,12.13,10.48,13.46,12.58,15.78,10.7,9.93,10.92,7.83,4.52
US-RI,Rhode Island,2020-07-27,64.0,2174.0,US,United States,Rhode Island,US-RI,12.26,8.1,8.97,9.19,10.94,11.71,8.1,11.82,14.55,19.48,9.85,10.72,13.46,9.08,4.38
US-RI,Rhode Island,2020-08-03,57.0,2231.0,US,United States,Rhode Island,US-RI,10.29,7.63,8.07,9.62,16.7,9.62,5.64,12.39,11.95,18.58,10.4,8.29,12.61,10.51,
US-RI,Rhode Island,2020-08-10,80.0,2311.0,US,United States,Rhode Island,US-RI,11.08,6.69,9.11,10.64,15.8,11.41,7.35,15.03,13.93,16.13,11.52,9.11,10.42,12.51,
US-RI,Rhode Island,2020-08-17,69.0,2380.0,US,United States,Rhode Island,US-RI,10.17,5.2,10.61,6.75,16.25,11.28,10.95,14.48,15.37,18.13,9.51,10.28,14.71,14.04,4.42
US-RI,Rhode Island,2020-08-24,80.0,2460.0,US,United States,Rhode Island,US-RI,10.43,5.81,9.25,10.54,14.95,10.22,8.28,14.09,13.02,20.11,9.14,8.71,10.43,12.59,4.62
US-RI,Rhode Island,2020-08-31,59.0,2519.0,US,United States,Rhode Island,US-RI,14.2,9.03,9.68,10.65,12.8,11.4,7.85,9.57,15.16,14.95,9.57,10.11,13.55,10.22,5.05
US-RI,Rhode Island,2020-09-07,70.0,2589.0,US,United States,Rhode Island,US-RI,12.78,8.17,10.37,12.15,13.4,13.3,11.2,8.06,14.24,14.55,11.83,11.2,10.79,12.04,6.49
US-RI,Rhode Island,2020-09-14,55.0,2644.0,US,United States,Rhode Island,US-RI,12.87,8.45,7.54,11.16,13.07,20.42,9.55,11.77,12.97,23.43,7.84,11.77,12.97,11.46,
US-RI,Rhode Island,2020-09-21,49.0,2693.0,US,United States,Rhode Island,US-RI,10.57,8.96,8.26,11.58,17.42,20.34,10.27,12.79,14.6,21.95,10.67,11.38,14.2,16.21,4.73
US-SD,South Dakota,2020-03-16,0.0,0.0,US,United States,South Dakota,US-SD,8.1,7.0,11.9,11.54,,10.43,16.2,4.91,8.71,6.26,13.01,17.3,7.49,10.31,24.79
US-SD,South Dakota,2020-03-23,0.0,0.0,US,United States,South Dakota,US-SD,4.76,10.09,12.24,11.67,8.61,20.74,9.86,,6.01,12.47,13.94,10.99,6.23,6.23,20.17
US-SD,South Dakota,2020-03-30,0.0,0.0,US,United States,South Dakota,US-SD,4.94,4.94,8.42,10.44,,7.63,8.87,5.16,6.51,9.88,12.8,10.66,7.18,10.78,16.28
US-SD,South Dakota,2020-04-06,23.0,23.0,US,United States,South Dakota,US-SD,4.73,,9.34,10.03,,10.95,5.42,7.96,5.65,9.8,10.03,10.38,7.96,8.3,8.07
US-SD,South Dakota,2020-04-13,21.0,44.0,US,United States,South Dakota,US-SD,4.81,5.37,11.08,4.48,,9.74,6.94,7.95,7.39,4.48,6.05,6.49,5.37,7.17,
US-SD,South Dakota,2020-04-20,43.0,87.0,US,United States,South Dakota,US-SD,4.75,4.63,8.34,5.1,6.95,11.47,5.21,6.37,7.53,15.4,7.64,5.21,6.83,9.38,
US-SD,South Dakota,2020-04-27,63.0,150.0,US,United States,South Dakota,US-SD,5.8,,8.28,,5.56,10.77,,6.86,6.63,7.34,7.1,8.64,6.39,7.34,
US-SD,South Dakota,2020-05-04,61.0,211.0,US,United States,South Dakota,US-SD,,6.34,6.91,4.61,,7.95,5.42,,7.72,7.84,5.18,7.03,7.49,8.53,
US-SD,South Dakota,2020-05-11,52.0,263.0,US,United States,South Dakota,US-SD,,,6.81,5.75,,6.58,5.4,8.69,8.45,10.57,4.93,6.81,7.16,6.69,
US-SD,South Dakota,2020-05-18,53.0,316.0,US,United States,South Dakota,US-SD,,,8.04,,6.91,5.65,,5.53,8.54,9.42,5.15,6.91,6.66,8.41,
US-SD,South Dakota,2020-05-25,54.0,370.0,US,United States,South Dakota,US-SD,6.9,,,5.88,5.75,5.62,5.37,6.13,5.88,,5.49,6.9,9.07,9.2,
US-SD,South Dakota,2020-06-01,65.0,435.0,US,United States,South Dakota,US-SD,5.19,,,,6.46,,7.09,6.58,6.46,7.85,5.7,6.96,6.46,,
US-SD,South Dakota,2020-06-08,47.0,482.0,US,United States,South Dakota,US-SD,,,6.67,,8.56,6.29,5.04,6.67,,8.18,5.41,,5.54,6.17,5.29
US-SD,South Dakota,2020-06-15,62.0,544.0,US,United States,South Dakota,US-SD,,,,,7.41,6.53,,,6.03,6.4,,6.53,8.41,9.41,
US-SD,South Dakota,2020-06-22,72.0,616.0,US,United States,South Dakota,US-SD,6.67,,,,9.06,6.16,7.04,8.3,5.66,7.17,,6.67,8.68,7.8,6.29
US-SD,South Dakota,2020-06-29,41.0,657.0,US,United States,South Dakota,US-SD,,,9.07,5.57,7.13,5.83,,7.13,6.87,7.13,,5.44,7.26,7.26,5.44
US-SD,South Dakota,2020-07-06,35.0,692.0,US,United States,South Dakota,US-SD,,7.03,6.42,6.42,7.03,,5.18,7.16,6.54,5.8,7.4,6.79,9.38,7.77,
US-SD,South Dakota,2020-07-13,50.0,742.0,US,United States,South Dakota,US-SD,,5.29,12.31,6.03,9.48,,,6.9,8.62,6.53,4.93,,6.77,9.48,
US-SD,South Dakota,2020-07-20,32.0,774.0,US,United States,South Dakota,US-SD,6.55,,7.66,,8.65,,6.92,5.06,6.18,9.51,6.05,,,9.14,
US-SD,South Dakota,2020-07-27,32.0,806.0,US,United States,South Dakota,US-SD,7.93,8.18,5.7,,9.91,,6.69,,6.82,5.82,5.95,5.08,5.82,9.29,
US-SD,South Dakota,2020-08-03,32.0,838.0,US,United States,South Dakota,US-SD,5.97,,9.02,,9.75,8.41,7.8,7.19,5.36,9.87,,5.0,,11.21,
US-SD,South Dakota,2020-08-10,44.0,882.0,US,United States,South Dakota,US-SD,,,5.2,,5.81,5.45,7.02,7.38,,5.45,,5.08,7.14,8.11,
US-SD,South Dakota,2020-08-17,39.0,921.0,US,United States,South Dakota,US-SD,,4.82,7.41,,6.35,7.64,8.82,5.29,7.06,6.94,5.06,8.94,8.12,12.94,
US-SD,South Dakota,2020-08-24,44.0,965.0,US,United States,South Dakota,US-SD,6.03,5.02,6.47,7.37,8.7,,4.8,7.48,7.92,8.48,6.47,6.03,6.92,8.81,
US-SD,South Dakota,2020-08-31,64.0,1029.0,US,United States,South Dakota,US-SD,6.82,6.93,7.84,9.54,6.47,7.38,5.57,6.36,7.27,13.63,6.25,7.95,6.82,11.02,
US-SD,South Dakota,2020-09-07,55.0,1084.0,US,United States,South Dakota,US-SD,6.56,4.67,6.11,6.89,10.11,15.45,,7.89,8.0,11.45,5.33,7.78,4.67,9.56,
US-SD,South Dakota,2020-09-14,87.0,1171.0,US,United States,South Dakota,US-SD,4.41,7.17,5.84,11.47,5.4,13.35,8.38,6.29,6.73,5.96,7.28,9.38,6.84,12.46,4.85
US-SD,South Dakota,2020-09-21,126.0,1297.0,US,United States,South Dakota,US-SD,,6.96,,8.51,8.51,13.82,,5.75,9.73,7.3,5.42,8.96,8.18,13.16,6.86
US-VT,Vermont,2020-03-16,0.0,0.0,US,United States,Vermont,US-VT,6.88,6.58,10.68,11.12,12.0,9.95,16.24,6.88,6.44,15.07,19.46,13.02,,8.19,22.68
US-VT,Vermont,2020-03-23,0.0,0.0,US,United States,Vermont,US-VT,,7.72,9.4,11.5,7.44,19.78,9.68,7.72,6.59,11.93,17.26,11.64,,6.73,17.12
US-VT,Vermont,2020-03-30,18.0,18.0,US,United States,Vermont,US-VT,6.86,7.0,7.56,10.92,8.82,7.14,6.16,9.52,10.64,14.28,14.7,15.82,6.16,8.68,12.32
US-VT,Vermont,2020-04-06,27.0,45.0,US,United States,Vermont,US-VT,,6.94,9.21,12.32,5.81,9.63,,8.21,8.21,12.89,6.66,14.3,,8.64,10.9
US-VT,Vermont,2020-04-13,-45.0,0.0,US,United States,Vermont,US-VT,7.6,7.74,8.86,6.89,8.72,8.02,,8.86,6.61,10.97,7.74,6.61,8.58,6.89,8.44
US-VT,Vermont,2020-04-20,0.0,0.0,US,United States,Vermont,US-VT,7.54,,,,7.98,,7.54,8.27,8.27,13.64,7.54,9.0,7.11,,
US-VT,Vermont,2020-04-27,0.0,0.0,US,United States,Vermont,US-VT,,,,,9.3,9.16,8.87,,10.9,11.92,8.14,7.12,7.85,9.45,8.29
US-VT,Vermont,2020-05-04,0.0,0.0,US,United States,Vermont,US-VT,6.59,7.88,,,6.88,10.03,6.16,9.89,10.03,14.04,7.74,8.31,8.31,8.88,
US-VT,Vermont,2020-05-11,0.0,0.0,US,United States,Vermont,US-VT,10.63,,5.83,8.3,8.01,,7.57,9.61,5.83,14.71,7.14,7.14,,10.2,
US-VT,Vermont,2020-05-18,0.0,0.0,US,United States,Vermont,US-VT,10.81,,,7.76,8.22,10.2,,,7.46,11.72,8.68,,,,
US-VT,Vermont,2020-05-25,0.0,0.0,US,United States,Vermont,US-VT,,,,,10.28,9.83,,9.23,8.19,10.28,6.26,6.26,7.75,7.0,
US-VT,Vermont,2020-06-01,0.0,0.0,US,United States,Vermont,US-VT,9.19,,,,9.48,10.23,7.26,8.3,8.6,6.52,,6.82,5.93,8.0,
US-VT,Vermont,2020-06-08,0.0,0.0,US,United States,Vermont,US-VT,7.7,,,6.51,10.65,12.43,,7.55,9.18,11.39,,,7.84,7.7,
US-VT,Vermont,2020-06-15,0.0,0.0,US,United States,Vermont,US-VT,10.6,,6.91,,8.91,9.06,,8.45,9.83,11.21,6.76,,,7.83,
US-VT,Vermont,2020-06-22,0.0,0.0,US,United States,Vermont,US-VT,6.72,,6.42,6.28,10.31,7.62,,7.77,8.07,11.36,,,6.42,8.52,
US-VT,Vermont,2020-06-29,0.0,0.0,US,United States,Vermont,US-VT,6.48,,7.69,,10.25,8.44,,6.33,,11.76,,6.48,,6.18,
US-VT,Vermont,2020-07-06,0.0,0.0,US,United States,Vermont,US-VT,,6.12,6.85,6.27,12.98,8.75,,10.5,,12.1,9.04,,5.83,8.46,
US-VT,Vermont,2020-07-13,0.0,0.0,US,United States,Vermont,US-VT,7.69,,7.1,7.84,13.16,7.1,,9.32,8.13,10.65,6.21,7.1,10.2,9.46,
US-VT,Vermont,2020-07-20,0.0,0.0,US,United States,Vermont,US-VT,8.31,,,,9.65,6.53,,7.72,,12.61,7.42,,10.39,8.61,
US-VT,Vermont,2020-07-27,0.0,0.0,US,United States,Vermont,US-VT,6.18,,5.89,6.18,13.83,6.62,6.77,,8.83,13.39,10.89,,6.03,10.15,
US-VT,Vermont,2020-08-03,0.0,0.0,US,United States,Vermont,US-VT,9.4,,,,14.25,7.93,7.05,8.37,8.96,10.43,7.79,,7.49,10.72,
US-VT,Vermont,2020-08-10,0.0,0.0,US,United States,Vermont,US-VT,7.38,,,,7.24,7.09,10.04,10.04,16.84,11.52,7.24,,9.31,11.67,
US-VT,Vermont,2020-08-17,0.0,0.0,US,United States,Vermont,US-VT,10.37,,,,14.89,,5.99,9.34,7.59,16.35,,,7.59,,
US-VT,Vermont,2020-08-24,0.0,0.0,US,United States,Vermont,US-VT,8.23,,7.24,7.52,12.77,7.8,,,10.64,12.34,6.95,7.24,9.65,6.67,
US-VT,Vermont,2020-08-31,0.0,0.0,US,United States,Vermont,US-VT,,,5.96,6.81,11.49,6.1,8.79,9.79,6.24,10.64,,6.38,9.65,,
US-VT,Vermont,2020-09-07,0.0,0.0,US,United States,Vermont,US-VT,8.46,,7.49,7.91,12.07,23.71,,9.43,7.49,11.37,5.96,6.24,8.18,9.85,
US-VT,Vermont,2020-09-14,0.0,0.0,US,United States,Vermont,US-VT,9.2,,6.04,,11.54,10.58,,8.65,7.55,15.11,9.34,7.83,9.2,6.59,
US-VT,Vermont,2020-09-21,0.0,0.0,US,United States,Vermont,US-VT,8.48,,,9.99,12.86,12.45,6.16,8.89,10.12,16.14,7.25,7.94,7.8,14.09,
US-WV,West Virginia,2020-03-16,0.0,0.0,US,United States,West Virginia,US-WV,13.4,23.57,26.35,33.28,22.65,22.65,39.91,11.25,20.34,17.26,28.66,35.13,18.18,20.49,70.88
US-WV,West Virginia,2020-03-23,1.0,1.0,US,United States,West Virginia,US-WV,11.66,18.09,29.01,27.96,12.11,66.4,31.85,19.29,22.73,20.94,28.56,30.95,14.21,21.83,40.53
US-WV,West Virginia,2020-03-30,0.0,1.0,US,United States,West Virginia,US-WV,16.11,17.74,28.68,24.98,15.67,28.68,23.65,20.25,18.33,18.18,23.8,25.57,16.41,27.35,27.05
US-WV,West Virginia,2020-04-06,-1.0,0.0,US,United States,West Virginia,US-WV,16.05,14.85,25.21,22.06,18.3,18.16,15.9,21.16,22.81,20.11,22.66,20.7,22.06,24.76,19.2
US-WV,West Virginia,2020-04-13,164.0,164.0,US,United States,West Virginia,US-WV,18.56,10.5,21.87,24.03,17.55,21.01,16.26,19.71,21.58,21.01,18.99,19.86,19.57,21.15,16.69
US-WV,West Virginia,2020-04-20,-164.0,0.0,US,United States,West Virginia,US-WV,17.73,9.59,22.53,17.73,17.01,25.44,14.1,21.51,19.19,21.8,16.57,20.35,18.75,23.26,14.54
US-WV,West Virginia,2020-04-27,0.0,0.0,US,United States,West Virginia,US-WV,17.39,11.0,19.47,16.79,18.43,26.45,14.56,25.86,25.12,21.55,15.9,23.48,17.68,25.86,13.52
US-WV,West Virginia,2020-05-04,0.0,0.0,US,United States,West Virginia,US-WV,21.43,9.59,23.38,16.94,19.48,17.54,12.89,22.48,22.78,28.63,11.54,16.34,21.73,21.13,10.19
US-WV,West Virginia,2020-05-11,0.0,0.0,US,United States,West Virginia,US-WV,13.07,9.54,15.69,17.99,21.07,13.23,11.23,20.3,19.38,18.15,15.69,17.07,14.3,21.22,11.07
US-WV,West Virginia,2020-05-18,0.0,0.0,US,United States,West Virginia,US-WV,15.89,10.44,11.84,14.34,18.39,18.54,9.82,23.37,19.32,21.35,7.17,16.98,17.92,19.17,7.01
US-WV,West Virginia,2020-05-25,0.0,0.0,US,United States,West Virginia,US-WV,15.15,7.58,9.67,16.92,15.63,13.7,18.05,21.27,22.24,14.83,12.41,12.41,19.66,28.04,10.64
US-WV,West Virginia,2020-06-01,0.0,0.0,US,United States,West Virginia,US-WV,18.43,12.93,14.22,15.03,21.01,16.97,12.61,26.18,18.91,16.49,14.71,14.71,19.07,22.47,
US-WV,West Virginia,2020-06-08,0.0,0.0,US,United States,West Virginia,US-WV,16.2,11.87,13.48,13.96,24.39,19.73,15.56,19.89,21.82,11.39,9.63,9.3,17.49,23.58,
US-WV,West Virginia,2020-06-15,0.0,0.0,US,United States,West Virginia,US-WV,19.23,10.99,16.16,15.36,19.56,16.0,13.09,19.07,25.7,17.3,14.22,15.84,20.53,27.8,
US-WV,West Virginia,2020-06-22,0.0,0.0,US,United States,West Virginia,US-WV,14.53,12.11,17.76,13.08,22.77,19.54,11.3,19.7,20.34,22.28,13.56,12.59,20.5,36.17,9.85
US-WV,West Virginia,2020-06-29,0.0,0.0,US,United States,West Virginia,US-WV,19.21,14.7,15.37,15.7,22.38,21.71,15.2,22.38,20.04,16.37,18.37,14.03,22.21,21.38,7.01
US-WV,West Virginia,2020-07-06,0.0,0.0,US,United States,West Virginia,US-WV,16.36,11.55,18.61,13.32,22.14,19.57,11.71,23.91,20.86,25.83,15.88,20.7,19.89,29.36,10.91
US-WV,West Virginia,2020-07-13,0.0,0.0,US,United States,West Virginia,US-WV,16.3,,12.75,8.88,23.88,20.17,14.36,21.46,26.46,17.27,19.69,19.85,18.56,25.66,12.43
US-WV,West Virginia,2020-07-20,0.0,0.0,US,United States,West Virginia,US-WV,17.76,11.95,18.41,18.73,22.44,16.79,8.72,20.66,29.71,20.99,15.18,15.82,22.28,37.46,12.27
US-WV,West Virginia,2020-07-27,0.0,0.0,US,United States,West Virginia,US-WV,20.31,12.79,16.15,14.39,25.43,19.51,13.75,24.15,23.03,15.99,14.23,15.51,21.59,21.59,16.95
US-WV,West Virginia,2020-08-03,0.0,0.0,US,United States,West Virginia,US-WV,20.6,11.59,12.55,17.38,26.4,20.6,13.68,18.99,23.82,19.96,14.97,18.19,19.48,29.46,9.18
US-WV,West Virginia,2020-08-10,0.0,0.0,US,United States,West Virginia,US-WV,21.74,10.71,17.65,13.08,28.05,26.0,17.33,18.59,20.96,16.7,14.02,12.29,21.43,26.79,14.81
US-WV,West Virginia,2020-08-17,0.0,0.0,US,United States,West Virginia,US-WV,19.21,13.22,13.85,19.05,22.51,17.16,15.43,20.78,26.76,21.41,12.12,21.41,22.67,19.52,10.86
US-WV,West Virginia,2020-08-24,0.0,0.0,US,United States,West Virginia,US-WV,15.98,10.2,17.66,18.57,26.19,23.14,11.42,24.97,29.69,27.4,13.09,20.86,23.6,34.86,11.27
US-WV,West Virginia,2020-08-31,0.0,0.0,US,United States,West Virginia,US-WV,17.03,9.05,19.64,15.04,25.93,25.32,18.26,29.92,25.17,17.65,11.97,18.57,18.41,26.85,11.36
US-WV,West Virginia,2020-09-07,0.0,0.0,US,United States,West Virginia,US-WV,15.65,18.06,17.01,21.37,23.03,29.95,18.97,37.33,21.37,20.92,15.2,24.54,24.84,28.15,11.74
US-WV,West Virginia,2020-09-14,0.0,0.0,US,United States,West Virginia,US-WV,16.87,12.09,14.93,20.9,22.54,30.0,21.64,26.42,22.24,18.81,9.11,22.69,18.21,28.81,14.03
US-WV,West Virginia,2020-09-21,0.0,0.0,US,United States,West Virginia,US-WV,15.84,16.73,16.29,22.5,27.09,28.87,14.8,23.39,19.39,24.43,14.06,24.13,25.17,25.02,16.29
US-WY,Wyoming,2020-03-16,0.0,0.0,US,United States,Wyoming,US-WY,,3.52,3.7,4.35,,2.82,4.29,,,,5.05,4.17,,,9.57
US-WY,Wyoming,2020-03-23,0.0,0.0,US,United States,Wyoming,US-WY,,,3.79,3.16,,8.65,3.05,,3.28,3.79,4.63,3.22,,,8.31
US-WY,Wyoming,2020-03-30,17.0,17.0,US,United States,Wyoming,US-WY,,2.25,,2.19,,,3.18,,,2.25,3.45,3.34,,,5.43
US-WY,Wyoming,2020-04-06,6.0,23.0,US,United States,Wyoming,US-WY,,,3.44,,,3.06,,2.18,,3.22,2.95,2.4,,2.62,
US-WY,Wyoming,2020-04-13,18.0,41.0,US,United States,Wyoming,US-WY,,,,,2.17,4.23,2.59,,3.17,2.85,,,,,4.01
US-WY,Wyoming,2020-04-20,10.0,51.0,US,United States,Wyoming,US-WY,,,,4.93,,5.48,2.41,,3.02,2.19,2.19,2.36,2.63,2.36,
US-WY,Wyoming,2020-04-27,3.0,54.0,US,United States,Wyoming,US-WY,,,,,3.41,2.85,,,,2.74,2.68,,2.52,,
US-WY,Wyoming,2020-05-04,6.0,60.0,US,United States,Wyoming,US-WY,3.45,,,2.54,2.6,3.33,,,,3.45,,,,,
US-WY,Wyoming,2020-05-11,6.0,66.0,US,United States,Wyoming,US-WY,,,,,,3.13,,,,2.79,,,,2.73,
US-WY,Wyoming,2020-05-18,7.0,73.0,US,United States,Wyoming,US-WY,,,,,,,,,3.24,3.95,,,,2.77,
US-WY,Wyoming,2020-05-25,6.0,79.0,US,United States,Wyoming,US-WY,,,,,2.42,,,,,,,,,,
US-WY,Wyoming,2020-06-01,7.0,86.0,US,United States,Wyoming,US-WY,,,3.17,2.57,2.63,,,,2.45,3.17,,,2.57,2.45,
US-WY,Wyoming,2020-06-08,5.0,91.0,US,United States,Wyoming,US-WY,,,,,2.63,,,2.45,3.46,,,,,,
US-WY,Wyoming,2020-06-15,2.0,93.0,US,United States,Wyoming,US-WY,2.73,,,,,,,,2.73,,,,,,
US-WY,Wyoming,2020-06-22,12.0,105.0,US,United States,Wyoming,US-WY,,,,2.64,,,,2.88,,,,,,3.11,
US-WY,Wyoming,2020-06-29,7.0,112.0,US,United States,Wyoming,US-WY,,,4.02,,,,,,,2.46,,,,,
US-WY,Wyoming,2020-07-06,7.0,119.0,US,United States,Wyoming,US-WY,,,,,3.39,2.3,,,,2.93,,,2.59,2.87,
US-WY,Wyoming,2020-07-13,5.0,124.0,US,United States,Wyoming,US-WY,,,,,2.4,,,,,,,,,2.97,
US-WY,Wyoming,2020-07-20,20.0,144.0,US,United States,Wyoming,US-WY,,,,,,,,,,2.81,,,,2.35,
US-WY,Wyoming,2020-07-27,14.0,158.0,US,United States,Wyoming,US-WY,3.21,,,2.87,2.81,,,,,3.15,,,2.41,,
US-WY,Wyoming,2020-08-03,9.0,167.0,US,United States,Wyoming,US-WY,,,,,2.8,,,,2.97,,,,2.4,,
US-WY,Wyoming,2020-08-10,12.0,179.0,US,United States,Wyoming,US-WY,,,,,3.99,,,,2.74,,2.97,,,2.57,
US-WY,Wyoming,2020-08-17,16.0,195.0,US,United States,Wyoming,US-WY,,,,,2.75,,,,,2.53,,,2.42,,
US-WY,Wyoming,2020-08-24,16.0,211.0,US,United States,Wyoming,US-WY,,,2.54,,3.37,,,2.6,,,,,,2.48,
US-WY,Wyoming,2020-08-31,4.0,215.0,US,United States,Wyoming,US-WY,,,,2.85,2.68,,,,2.63,2.85,2.9,,,,
US-WY,Wyoming,2020-09-07,4.0,219.0,US,United States,Wyoming,US-WY,2.25,,3.36,2.75,2.92,2.53,,,,2.86,2.2,2.48,,,
US-WY,Wyoming,2020-09-14,11.0,230.0,US,United States,Wyoming,US-WY,,,,,3.17,,2.19,,2.46,3.88,,2.57,2.68,,
US-WY,Wyoming,2020-09-21,17.0,247.0,US,United States,Wyoming,US-WY,,,2.52,2.52,3.56,4.38,,2.41,,2.24,,2.74,,3.23,
